{"cp": 0.9999960526743682, "cair": 0.0, "rair": 0.0, "rin": 0.0014765693101701327, "rout": 0.03878718313545679}