{"cp": 99.88452514723905, "cair": 0.001, "rair": 0.001, "rin": 3.0112404111059266, "rout": 9.001452759922437}