{"cp": 99.90404670709472, "cair": 1e-06, "rair": 1e-06, "rin": 3.0110956613825395, "rout": 9.00099887345266}