{"cp": 0.8917744810432146, "cair": 1e-06, "rair": 1e-06, "rin": 4.154662303426757, "rout": 4.328512235538027}