{"cp": 0.8802057551611334, "cair": 1e-06, "rair": 1e-06, "rin": 4.518139269979525, "rout": 4.6909510792933276}