{"cp": 100.0774172968929, "cair": 0.001, "rair": 0.001, "rin": 2.9703994112231236, "rout": 8.996041213805945}