{"cp": 0.9995832134068379, "cair": 1e-06, "rair": 1e-06, "rin": 1e-12, "rout": 0.014345381439445817}