{"cp": 99.74916310013948, "cair": 1e-06, "rair": 1e-06, "rin": 2.9792473885022797, "rout": 8.988479748575887}