{"cp": 99.85660780625379, "cair": 1e-06, "rair": 1e-06, "rin": 2.9481633978799997, "rout": 8.970531313160784}