{"cp": 100.05639699372358, "cair": 1e-06, "rair": 1e-06, "rin": 2.991400282082697, "rout": 9.000211753453344}