{"cp": 1.0002311680397131, "cair": 1e-06, "rair": 1e-06, "rin": 9.911496353204121e-07, "rout": 0.9999981582132397}