{"cp": 1.0124230195366348, "cair": 1e-06, "rair": 1e-06, "rin": 0.0027428360310821, "rout": 0.16072196911797684}