{"cp": 98.42406624386733, "cair": 1e-06, "rair": 1e-06, "rin": 3.103884261863799, "rout": 9.164185544938402}