{"cp": 100.07975330521302, "cair": 0.0, "rair": 0.0, "rin": 1.445100481378133, "rout": 3.1185918758083537}