{"cp": 117.34719418021983, "cair": 0.0, "rair": 0.0, "rin": 3.364606470734988, "rout": 3.5729754430570035}