{"cp": 102.54244839480005, "cair": 0.0, "rair": 0.0, "rin": 3.898746085877778, "rout": 3.8051701045445676}