{"cp": 99.93505963987636, "cair": 0.0, "rair": 0.0, "rin": 4.502121823091458, "rout": 4.515581204036918}