{"cp": 198.82636446218314, "cair": 0.0, "rair": 0.0, "rin": 0.5667136432773597, "rout": 2.673229420000485}