{"cp": 1.0361042543508636, "cair": 0.0, "rair": 0.0, "rin": 0.00124430217142757, "rout": 2.153959147575485}