{"cp": 125.26225964922949, "cair": 0.0, "rair": 0.0, "rin": 2.8029108020381166, "rout": 3.797045495752359}