{"cp": 0.9999997940164725, "cair": 0.0, "rair": 0.0, "rin": 1e-12, "rout": 0.06078833963409373}